sample_id	cell_line	treatment	replicate	condition	condition_rep	run	lane
V33_01	SK-N-SH	C70	1	SKNSH_C70	SKNSH_C70_1	run1958	1
V33_02	SK-N-SH	T5	1	SKNSH_T5	SKNSH_T5_1	run1958	1
V33_03	SK-N-SH	DMSO	2	SKNSH_DMSO	SKNSH_DMSO_2	run1958	1
V33_04	HuH6	DMSO	2	HuH6_DMSO	HuH6_DMSO_2	run1958	1
V33_05	SK-N-SH	DMSO	1	SKNSH_DMSO	SKNSH_DMSO_1	run1958	1
V33_06	SK-N-SH	C70	2	SKNSH_C70	SKNSH_C70_2	run1958	1
V33_07	SK-N-SH	T5	2	SKNSH_T5	SKNSH_T5_2	run1958	1
V33_08	HuH6	C70	2	HuH6_C70	HuH6_C70_2	run1958	1
V33_09	HuH6	DMSO	1	HuH6_DMSO	HuH6_DMSO_1	run1958	1
V33_10	HuH6	T5	1	HuH6_T5	HuH6_T5_1	run1958	1
V33_11	HuH6	T5	2	HuH6_T5	HuH6_T5_2	run1958	1
V33_12	HuH6	C70	1	HuH6_C70	HuH6_C70_1	run1958	1
